,city,Year,date_start,month,maxt,mint,rain,soil,cases,mintl0,mintl1,mintl2,mintl3,mintl4,mintl5,mintl6,mintl7,mintl8,mintl9,rainl0,rainl1,rainl2,rainl3,rainl4,rainl5,rainl6,rainl7,rainl8,rainl9,maxtl0,maxtl1,maxtl2,maxtl3,maxtl4,maxtl5,maxtl6,maxtl7,maxtl8,maxtl9,soill0,soill1,soill2,soill3,soill4,soill5,soill6,soill7,soill8,soill9
1,delhi,2010,30-01-2010,1,19.06426811,7.26053524,0.154838711,38.25961685,0,7.26053524,18.7740367,18.83091755,18.82662213,18.77112841,18.69714637,18.6177008,18.54244827,18.47529926,18.44252185,0.154838711,2.284996261,2.307531682,2.307531682,2.265497972,2.225221126,2.153849927,2.155200948,2.170065475,2.189876825,19.06426811,31.87518546,31.90598684,31.89564018,31.88783622,31.8729826,31.84556959,31.7869284,31.70846849,31.64827037,38.25961685,46.56440125,46.44031244,46.30223447,45.97786096,45.7153844,45.48665791,45.41606438,45.40130314,45.43287038
2,delhi,2010,28-02-2010,2,25.69207382,10.51570892,0.625,27.08142662,0,10.51570892,7.26053524,18.83091755,18.82662213,18.77112841,18.69714637,18.6177008,18.54244827,18.47529926,18.44252185,0.625,0.154838711,2.307531682,2.307531682,2.265497972,2.225221126,2.153849927,2.155200948,2.170065475,2.189876825,25.69207382,19.06426811,31.90598684,31.89564018,31.88783622,31.8729826,31.84556959,31.7869284,31.70846849,31.64827037,27.08142662,38.25961685,46.44031244,46.30223447,45.97786096,45.7153844,45.48665791,45.41606438,45.40130314,45.43287038
3,delhi,2010,30-03-2010,3,33.89316177,16.93906593,0,14.45237732,0,16.93906593,10.51570892,7.26053524,18.82662213,18.77112841,18.69714637,18.6177008,18.54244827,18.47529926,18.44252185,0,0.625,0.154838711,2.307531682,2.265497972,2.225221126,2.153849927,2.155200948,2.170065475,2.189876825,33.89316177,25.69207382,19.06426811,31.89564018,31.88783622,31.8729826,31.84556959,31.7869284,31.70846849,31.64827037,14.45237732,27.08142662,38.25961685,46.30223447,45.97786096,45.7153844,45.48665791,45.41606438,45.40130314,45.43287038
4,delhi,2010,30-04-2010,4,40.56165314,23.26267433,0.006666667,6.06961441,0,23.26267433,16.93906593,10.51570892,7.26053524,18.77112841,18.69714637,18.6177008,18.54244827,18.47529926,18.44252185,0.006666667,0,0.625,0.154838711,2.265497972,2.225221126,2.153849927,2.155200948,2.170065475,2.189876825,40.56165314,33.89316177,25.69207382,19.06426811,31.88783622,31.8729826,31.84556959,31.7869284,31.70846849,31.64827037,6.06961441,14.45237732,27.08142662,38.25961685,45.97786096,45.7153844,45.48665791,45.41606438,45.40130314,45.43287038
5,delhi,2010,30-05-2010,5,41.71602249,26.12862778,0.135483876,20.35139847,0,26.12862778,23.26267433,16.93906593,10.51570892,7.26053524,18.69714637,18.6177008,18.54244827,18.47529926,18.44252185,0.135483876,0.006666667,0,0.625,0.154838711,2.225221126,2.153849927,2.155200948,2.170065475,2.189876825,41.71602249,40.56165314,33.89316177,25.69207382,19.06426811,31.8729826,31.84556959,31.7869284,31.70846849,31.64827037,20.35139847,6.06961441,14.45237732,27.08142662,38.25961685,45.7153844,45.48665791,45.41606438,45.40130314,45.43287038
6,delhi,2010,30-06-2010,6,39.90220642,26.30779076,0.767741919,30.87254333,1,26.30779076,26.12862778,23.26267433,16.93906593,10.51570892,7.26053524,18.6177008,18.54244827,18.47529926,18.44252185,0.767741919,0.135483876,0.006666667,0,0.625,0.154838711,2.153849927,2.155200948,2.170065475,2.189876825,39.90220642,41.71602249,40.56165314,33.89316177,25.69207382,19.06426811,31.84556959,31.7869284,31.70846849,31.64827037,30.87254333,20.35139847,6.06961441,14.45237732,27.08142662,38.25961685,45.48665791,45.41606438,45.40130314,45.43287038
7,delhi,2010,30-07-2010,7,33.7358017,25.86068344,7.453333378,52.57008743,51,25.86068344,26.30779076,26.12862778,23.26267433,16.93906593,10.51570892,7.26053524,18.54244827,18.47529926,18.44252185,7.453333378,0.767741919,0.135483876,0.006666667,0,0.625,0.154838711,2.155200948,2.170065475,2.189876825,33.7358017,39.90220642,41.71602249,40.56165314,33.89316177,25.69207382,19.06426811,31.7869284,31.70846849,31.64827037,52.57008743,30.87254333,20.35139847,6.06961441,14.45237732,27.08142662,38.25961685,45.41606438,45.40130314,45.43287038
8,delhi,2010,30-08-2010,8,33.54368591,25.71663666,11.60322571,71.09780121,885,25.71663666,25.86068344,26.30779076,26.12862778,23.26267433,16.93906593,10.51570892,7.26053524,18.47529926,18.44252185,11.60322571,7.453333378,0.767741919,0.135483876,0.006666667,0,0.625,0.154838711,2.170065475,2.189876825,33.54368591,33.7358017,39.90220642,41.71602249,40.56165314,33.89316177,25.69207382,19.06426811,31.70846849,31.64827037,71.09780121,52.57008743,30.87254333,20.35139847,6.06961441,14.45237732,27.08142662,38.25961685,45.40130314,45.43287038
9,delhi,2010,30-09-2010,9,32.2053299,23.86161423,12.4333334,80.12306976,2360,23.86161423,25.71663666,25.86068344,26.30779076,26.12862778,23.26267433,16.93906593,10.51570892,7.26053524,18.44252185,12.4333334,11.60322571,7.453333378,0.767741919,0.135483876,0.006666667,0,0.625,0.154838711,2.189876825,32.2053299,33.54368591,33.7358017,39.90220642,41.71602249,40.56165314,33.89316177,25.69207382,19.06426811,31.64827037,80.12306976,71.09780121,52.57008743,30.87254333,20.35139847,6.06961441,14.45237732,27.08142662,38.25961685,45.43287038
10,delhi,2010,30-10-2010,10,32.9985733,19.86024284,0.46129033,53.60133362,2246,19.86024284,23.86161423,25.71663666,25.86068344,26.30779076,26.12862778,23.26267433,16.93906593,10.51570892,7.26053524,0.46129033,12.4333334,11.60322571,7.453333378,0.767741919,0.135483876,0.006666667,0,0.625,0.154838711,32.9985733,32.2053299,33.54368591,33.7358017,39.90220642,41.71602249,40.56165314,33.89316177,25.69207382,19.06426811,53.60133362,80.12306976,71.09780121,52.57008743,30.87254333,20.35139847,6.06961441,14.45237732,27.08142662,38.25961685
11,delhi,2010,30-11-2010,11,27.87006378,14.29775524,0.386666656,49.70972824,678,14.29775524,19.86024284,23.86161423,25.71663666,25.86068344,26.30779076,26.12862778,23.26267433,16.93906593,10.51570892,0.386666656,0.46129033,12.4333334,11.60322571,7.453333378,0.767741919,0.135483876,0.006666667,0,0.625,27.87006378,32.9985733,32.2053299,33.54368591,33.7358017,39.90220642,41.71602249,40.56165314,33.89316177,25.69207382,49.70972824,53.60133362,80.12306976,71.09780121,52.57008743,30.87254333,20.35139847,6.06961441,14.45237732,27.08142662
12,delhi,2010,30-12-2010,12,22.35422707,7.076479435,0.212903231,42.40348053,33,7.076479435,14.29775524,19.86024284,23.86161423,25.71663666,25.86068344,26.30779076,26.12862778,23.26267433,16.93906593,0.212903231,0.386666656,0.46129033,12.4333334,11.60322571,7.453333378,0.767741919,0.135483876,0.006666667,0,22.35422707,27.87006378,32.9985733,32.2053299,33.54368591,33.7358017,39.90220642,41.71602249,40.56165314,33.89316177,42.40348053,49.70972824,53.60133362,80.12306976,71.09780121,52.57008743,30.87254333,20.35139847,6.06961441,14.45237732
13,delhi,2011,30-01-2011,1,18.46367645,6.135955811,0,40.781147,0,6.135955811,7.076479435,14.29775524,19.86024284,23.86161423,25.71663666,25.86068344,26.30779076,26.12862778,23.26267433,0,0.212903231,0.386666656,0.46129033,12.4333334,11.60322571,7.453333378,0.767741919,0.135483876,0.006666667,18.46367645,22.35422707,27.87006378,32.9985733,32.2053299,33.54368591,33.7358017,39.90220642,41.71602249,40.56165314,40.781147,42.40348053,49.70972824,53.60133362,80.12306976,71.09780121,52.57008743,30.87254333,20.35139847,6.06961441
14,delhi,2011,28-02-2011,2,25.01566696,11.31805706,1.014285684,36.59005737,0,11.31805706,6.135955811,7.076479435,14.29775524,19.86024284,23.86161423,25.71663666,25.86068344,26.30779076,26.12862778,1.014285684,0,0.212903231,0.386666656,0.46129033,12.4333334,11.60322571,7.453333378,0.767741919,0.135483876,25.01566696,18.46367645,22.35422707,27.87006378,32.9985733,32.2053299,33.54368591,33.7358017,39.90220642,41.71602249,36.59005737,40.781147,42.40348053,49.70972824,53.60133362,80.12306976,71.09780121,52.57008743,30.87254333,20.35139847
15,delhi,2011,30-03-2011,3,31.81386566,16.01316261,0.087096773,19.99889183,1,16.01316261,11.31805706,6.135955811,7.076479435,14.29775524,19.86024284,23.86161423,25.71663666,25.86068344,26.30779076,0.087096773,1.014285684,0,0.212903231,0.386666656,0.46129033,12.4333334,11.60322571,7.453333378,0.767741919,31.81386566,25.01566696,18.46367645,22.35422707,27.87006378,32.9985733,32.2053299,33.54368591,33.7358017,39.90220642,19.99889183,36.59005737,40.781147,42.40348053,49.70972824,53.60133362,80.12306976,71.09780121,52.57008743,30.87254333
16,delhi,2011,30-04-2011,4,36.89474106,20.59723663,0.353333324,22.94441223,3,20.59723663,16.01316261,11.31805706,6.135955811,7.076479435,14.29775524,19.86024284,23.86161423,25.71663666,25.86068344,0.353333324,0.087096773,1.014285684,0,0.212903231,0.386666656,0.46129033,12.4333334,11.60322571,7.453333378,36.89474106,31.81386566,25.01566696,18.46367645,22.35422707,27.87006378,32.9985733,32.2053299,33.54368591,33.7358017,22.94441223,19.99889183,36.59005737,40.781147,42.40348053,49.70972824,53.60133362,80.12306976,71.09780121,52.57008743
17,delhi,2011,30-05-2011,5,41.62171173,26.99129486,1.164516091,30.88653564,0,26.99129486,20.59723663,16.01316261,11.31805706,6.135955811,7.076479435,14.29775524,19.86024284,23.86161423,25.71663666,1.164516091,0.353333324,0.087096773,1.014285684,0,0.212903231,0.386666656,0.46129033,12.4333334,11.60322571,41.62171173,36.89474106,31.81386566,25.01566696,18.46367645,22.35422707,27.87006378,32.9985733,32.2053299,33.54368591,30.88653564,22.94441223,19.99889183,36.59005737,40.781147,42.40348053,49.70972824,53.60133362,80.12306976,71.09780121
18,delhi,2011,30-06-2011,6,39.69683075,28.1246624,3.022580624,44.23478317,1,28.1246624,26.99129486,20.59723663,16.01316261,11.31805706,6.135955811,7.076479435,14.29775524,19.86024284,23.86161423,3.022580624,1.164516091,0.353333324,0.087096773,1.014285684,0,0.212903231,0.386666656,0.46129033,12.4333334,39.69683075,41.62171173,36.89474106,31.81386566,25.01566696,18.46367645,22.35422707,27.87006378,32.9985733,32.2053299,44.23478317,30.88653564,22.94441223,19.99889183,36.59005737,40.781147,42.40348053,49.70972824,53.60133362,80.12306976
19,delhi,2011,30-07-2011,7,36.88867188,27.08724213,4.153333187,59.41833115,10,27.08724213,28.1246624,26.99129486,20.59723663,16.01316261,11.31805706,6.135955811,7.076479435,14.29775524,19.86024284,4.153333187,3.022580624,1.164516091,0.353333324,0.087096773,1.014285684,0,0.212903231,0.386666656,0.46129033,36.88867188,39.69683075,41.62171173,36.89474106,31.81386566,25.01566696,18.46367645,22.35422707,27.87006378,32.9985733,59.41833115,44.23478317,30.88653564,22.94441223,19.99889183,36.59005737,40.781147,42.40348053,49.70972824,53.60133362
20,delhi,2011,30-08-2011,8,34.47864914,26.07185364,4.987096786,62.40732193,51,26.07185364,27.08724213,28.1246624,26.99129486,20.59723663,16.01316261,11.31805706,6.135955811,7.076479435,14.29775524,4.987096786,4.153333187,3.022580624,1.164516091,0.353333324,0.087096773,1.014285684,0,0.212903231,0.386666656,34.47864914,36.88867188,39.69683075,41.62171173,36.89474106,31.81386566,25.01566696,18.46367645,22.35422707,27.87006378,62.40732193,59.41833115,44.23478317,30.88653564,22.94441223,19.99889183,36.59005737,40.781147,42.40348053,49.70972824
21,delhi,2011,30-09-2011,9,33.47800446,23.98345184,6.753333569,64.57646179,179,23.98345184,26.07185364,27.08724213,28.1246624,26.99129486,20.59723663,16.01316261,11.31805706,6.135955811,7.076479435,6.753333569,4.987096786,4.153333187,3.022580624,1.164516091,0.353333324,0.087096773,1.014285684,0,0.212903231,33.47800446,34.47864914,36.88867188,39.69683075,41.62171173,36.89474106,31.81386566,25.01566696,18.46367645,22.35422707,64.57646179,62.40732193,59.41833115,44.23478317,30.88653564,22.94441223,19.99889183,36.59005737,40.781147,42.40348053
22,delhi,2011,30-10-2011,10,34.69514847,18.54470634,0,44.20064926,512,18.54470634,23.98345184,26.07185364,27.08724213,28.1246624,26.99129486,20.59723663,16.01316261,11.31805706,6.135955811,0,6.753333569,4.987096786,4.153333187,3.022580624,1.164516091,0.353333324,0.087096773,1.014285684,0,34.69514847,33.47800446,34.47864914,36.88867188,39.69683075,41.62171173,36.89474106,31.81386566,25.01566696,18.46367645,44.20064926,64.57646179,62.40732193,59.41833115,44.23478317,30.88653564,22.94441223,19.99889183,36.59005737,40.781147
23,delhi,2011,30-11-2011,11,30.9201088,14.45142937,0,42.46109772,328,14.45142937,18.54470634,23.98345184,26.07185364,27.08724213,28.1246624,26.99129486,20.59723663,16.01316261,11.31805706,0,0,6.753333569,4.987096786,4.153333187,3.022580624,1.164516091,0.353333324,0.087096773,1.014285684,30.9201088,34.69514847,33.47800446,34.47864914,36.88867188,39.69683075,41.62171173,36.89474106,31.81386566,25.01566696,42.46109772,44.20064926,64.57646179,62.40732193,59.41833115,44.23478317,30.88653564,22.94441223,19.99889183,36.59005737
24,delhi,2011,30-12-2011,12,24.66457558,7.706675053,0.035483871,41.18297577,46,7.706675053,14.45142937,18.54470634,23.98345184,26.07185364,27.08724213,28.1246624,26.99129486,20.59723663,16.01316261,0.035483871,0,0,6.753333569,4.987096786,4.153333187,3.022580624,1.164516091,0.353333324,0.087096773,24.66457558,30.9201088,34.69514847,33.47800446,34.47864914,36.88867188,39.69683075,41.62171173,36.89474106,31.81386566,41.18297577,42.46109772,44.20064926,64.57646179,62.40732193,59.41833115,44.23478317,30.88653564,22.94441223,19.99889183
25,delhi,2012,30-01-2012,1,19.40680885,6.871914387,0.180645168,43.77926636,0,6.871914387,7.706675053,14.45142937,18.54470634,23.98345184,26.07185364,27.08724213,28.1246624,26.99129486,20.59723663,0.180645168,0.035483871,0,0,6.753333569,4.987096786,4.153333187,3.022580624,1.164516091,0.353333324,19.40680885,24.66457558,30.9201088,34.69514847,33.47800446,34.47864914,36.88867188,39.69683075,41.62171173,36.89474106,43.77926636,41.18297577,42.46109772,44.20064926,64.57646179,62.40732193,59.41833115,44.23478317,30.88653564,22.94441223
26,delhi,2012,28-02-2012,2,23.81861496,8.932437897,0,22.91506958,0,8.932437897,6.871914387,7.706675053,14.45142937,18.54470634,23.98345184,26.07185364,27.08724213,28.1246624,26.99129486,0,0.180645168,0.035483871,0,0,6.753333569,4.987096786,4.153333187,3.022580624,1.164516091,23.81861496,19.40680885,24.66457558,30.9201088,34.69514847,33.47800446,34.47864914,36.88867188,39.69683075,41.62171173,22.91506958,43.77926636,41.18297577,42.46109772,44.20064926,64.57646179,62.40732193,59.41833115,44.23478317,30.88653564
27,delhi,2012,30-03-2012,3,30.66801262,13.89055634,0.467741936,15.98955917,0,13.89055634,8.932437897,6.871914387,7.706675053,14.45142937,18.54470634,23.98345184,26.07185364,27.08724213,28.1246624,0.467741936,0,0.180645168,0.035483871,0,0,6.753333569,4.987096786,4.153333187,3.022580624,30.66801262,23.81861496,19.40680885,24.66457558,30.9201088,34.69514847,33.47800446,34.47864914,36.88867188,39.69683075,15.98955917,22.91506958,43.77926636,41.18297577,42.46109772,44.20064926,64.57646179,62.40732193,59.41833115,44.23478317
28,delhi,2012,30-04-2012,4,36.04097366,20.55291367,0.600000024,24.22035599,2,20.55291367,13.89055634,8.932437897,6.871914387,7.706675053,14.45142937,18.54470634,23.98345184,26.07185364,27.08724213,0.600000024,0.467741936,0,0.180645168,0.035483871,0,0,6.753333569,4.987096786,4.153333187,36.04097366,30.66801262,23.81861496,19.40680885,24.66457558,30.9201088,34.69514847,33.47800446,34.47864914,36.88867188,24.22035599,15.98955917,22.91506958,43.77926636,41.18297577,42.46109772,44.20064926,64.57646179,62.40732193,59.41833115
29,delhi,2012,30-05-2012,5,41.09652328,24.9432106,0.312903225,20.59944916,0,24.9432106,20.55291367,13.89055634,8.932437897,6.871914387,7.706675053,14.45142937,18.54470634,23.98345184,26.07185364,0.312903225,0.600000024,0.467741936,0,0.180645168,0.035483871,0,0,6.753333569,4.987096786,41.09652328,36.04097366,30.66801262,23.81861496,19.40680885,24.66457558,30.9201088,34.69514847,33.47800446,34.47864914,20.59944916,24.22035599,15.98955917,22.91506958,43.77926636,41.18297577,42.46109772,44.20064926,64.57646179,62.40732193
30,delhi,2012,30-06-2012,6,41.77784348,28.41674423,0.009677419,32.54781723,3,28.41674423,24.9432106,20.55291367,13.89055634,8.932437897,6.871914387,7.706675053,14.45142937,18.54470634,23.98345184,0.009677419,0.312903225,0.600000024,0.467741936,0,0.180645168,0.035483871,0,0,6.753333569,41.77784348,41.09652328,36.04097366,30.66801262,23.81861496,19.40680885,24.66457558,30.9201088,34.69514847,33.47800446,32.54781723,20.59944916,24.22035599,15.98955917,22.91506958,43.77926636,41.18297577,42.46109772,44.20064926,64.57646179
31,delhi,2012,30-07-2012,7,36.29404831,27.5639286,3.523333311,47.47850418,4,27.5639286,28.41674423,24.9432106,20.55291367,13.89055634,8.932437897,6.871914387,7.706675053,14.45142937,18.54470634,3.523333311,0.009677419,0.312903225,0.600000024,0.467741936,0,0.180645168,0.035483871,0,0,36.29404831,41.77784348,41.09652328,36.04097366,30.66801262,23.81861496,19.40680885,24.66457558,30.9201088,34.69514847,47.47850418,32.54781723,20.59944916,24.22035599,15.98955917,22.91506958,43.77926636,41.18297577,42.46109772,44.20064926
32,delhi,2012,30-08-2012,8,33.02060318,25.64544106,7.354838848,65.69992828,4,25.64544106,27.5639286,28.41674423,24.9432106,20.55291367,13.89055634,8.932437897,6.871914387,7.706675053,14.45142937,7.354838848,3.523333311,0.009677419,0.312903225,0.600000024,0.467741936,0,0.180645168,0.035483871,0,33.02060318,36.29404831,41.77784348,41.09652328,36.04097366,30.66801262,23.81861496,19.40680885,24.66457558,30.9201088,65.69992828,47.47850418,32.54781723,20.59944916,24.22035599,15.98955917,22.91506958,43.77926636,41.18297577,42.46109772
33,delhi,2012,30-09-2012,9,33.03609467,24.13245773,2.736666679,60.12087631,55,24.13245773,25.64544106,27.5639286,28.41674423,24.9432106,20.55291367,13.89055634,8.932437897,6.871914387,7.706675053,2.736666679,7.354838848,3.523333311,0.009677419,0.312903225,0.600000024,0.467741936,0,0.180645168,0.035483871,33.03609467,33.02060318,36.29404831,41.77784348,41.09652328,36.04097366,30.66801262,23.81861496,19.40680885,24.66457558,60.12087631,65.69992828,47.47850418,32.54781723,20.59944916,24.22035599,15.98955917,22.91506958,43.77926636,41.18297577
34,delhi,2012,30-10-2012,10,32.95215225,17.99718475,0.048387095,45.76699448,951,17.99718475,24.13245773,25.64544106,27.5639286,28.41674423,24.9432106,20.55291367,13.89055634,8.932437897,6.871914387,0.048387095,2.736666679,7.354838848,3.523333311,0.009677419,0.312903225,0.600000024,0.467741936,0,0.180645168,32.95215225,33.03609467,33.02060318,36.29404831,41.77784348,41.09652328,36.04097366,30.66801262,23.81861496,19.40680885,45.76699448,60.12087631,65.69992828,47.47850418,32.54781723,20.59944916,24.22035599,15.98955917,22.91506958,43.77926636
35,delhi,2012,30-11-2012,11,28.05703545,11.9880209,0.056666669,45.15338516,1005,11.9880209,17.99718475,24.13245773,25.64544106,27.5639286,28.41674423,24.9432106,20.55291367,13.89055634,8.932437897,0.056666669,0.048387095,2.736666679,7.354838848,3.523333311,0.009677419,0.312903225,0.600000024,0.467741936,0,28.05703545,32.95215225,33.03609467,33.02060318,36.29404831,41.77784348,41.09652328,36.04097366,30.66801262,23.81861496,45.15338516,45.76699448,60.12087631,65.69992828,47.47850418,32.54781723,20.59944916,24.22035599,15.98955917,22.91506958
36,delhi,2012,30-12-2012,12,22.01232338,7.970196247,0.380645156,49.92736816,69,7.970196247,11.9880209,17.99718475,24.13245773,25.64544106,27.5639286,28.41674423,24.9432106,20.55291367,13.89055634,0.380645156,0.056666669,0.048387095,2.736666679,7.354838848,3.523333311,0.009677419,0.312903225,0.600000024,0.467741936,22.01232338,28.05703545,32.95215225,33.03609467,33.02060318,36.29404831,41.77784348,41.09652328,36.04097366,30.66801262,49.92736816,45.15338516,45.76699448,60.12087631,65.69992828,47.47850418,32.54781723,20.59944916,24.22035599,15.98955917
37,delhi,2013,30-01-2013,1,19.35402107,5.839920044,1.338709712,50.16759109,2,5.839920044,7.970196247,11.9880209,17.99718475,24.13245773,25.64544106,27.5639286,28.41674423,24.9432106,20.55291367,1.338709712,0.380645156,0.056666669,0.048387095,2.736666679,7.354838848,3.523333311,0.009677419,0.312903225,0.600000024,19.35402107,22.01232338,28.05703545,32.95215225,33.03609467,33.02060318,36.29404831,41.77784348,41.09652328,36.04097366,50.16759109,49.92736816,45.15338516,45.76699448,60.12087631,65.69992828,47.47850418,32.54781723,20.59944916,24.22035599
38,delhi,2013,28-02-2013,2,22.9671154,10.53288841,3.889285803,56.54473495,2,10.53288841,5.839920044,7.970196247,11.9880209,17.99718475,24.13245773,25.64544106,27.5639286,28.41674423,24.9432106,3.889285803,1.338709712,0.380645156,0.056666669,0.048387095,2.736666679,7.354838848,3.523333311,0.009677419,0.312903225,22.9671154,19.35402107,22.01232338,28.05703545,32.95215225,33.03609467,33.02060318,36.29404831,41.77784348,41.09652328,56.54473495,50.16759109,49.92736816,45.15338516,45.76699448,60.12087631,65.69992828,47.47850418,32.54781723,20.59944916
39,delhi,2013,30-03-2013,3,30.5514946,14.8303442,0.222580642,25.93955421,0,14.8303442,10.53288841,5.839920044,7.970196247,11.9880209,17.99718475,24.13245773,25.64544106,27.5639286,28.41674423,0.222580642,3.889285803,1.338709712,0.380645156,0.056666669,0.048387095,2.736666679,7.354838848,3.523333311,0.009677419,30.5514946,22.9671154,19.35402107,22.01232338,28.05703545,32.95215225,33.03609467,33.02060318,36.29404831,41.77784348,25.93955421,56.54473495,50.16759109,49.92736816,45.15338516,45.76699448,60.12087631,65.69992828,47.47850418,32.54781723
40,delhi,2013,30-04-2013,4,36.40507126,20.22424126,0.186666667,19.76891899,3,20.22424126,14.8303442,10.53288841,5.839920044,7.970196247,11.9880209,17.99718475,24.13245773,25.64544106,27.5639286,0.186666667,0.222580642,3.889285803,1.338709712,0.380645156,0.056666669,0.048387095,2.736666679,7.354838848,3.523333311,36.40507126,30.5514946,22.9671154,19.35402107,22.01232338,28.05703545,32.95215225,33.03609467,33.02060318,36.29404831,19.76891899,25.93955421,56.54473495,50.16759109,49.92736816,45.15338516,45.76699448,60.12087631,65.69992828,47.47850418
41,delhi,2013,30-05-2013,5,41.27971649,25.1104908,0.048387095,24.6300106,0,25.1104908,20.22424126,14.8303442,10.53288841,5.839920044,7.970196247,11.9880209,17.99718475,24.13245773,25.64544106,0.048387095,0.186666667,0.222580642,3.889285803,1.338709712,0.380645156,0.056666669,0.048387095,2.736666679,7.354838848,41.27971649,36.40507126,30.5514946,22.9671154,19.35402107,22.01232338,28.05703545,32.95215225,33.03609467,33.02060318,24.6300106,19.76891899,25.93955421,56.54473495,50.16759109,49.92736816,45.15338516,45.76699448,60.12087631,65.69992828
42,delhi,2013,30-06-2013,6,37.58326721,27.19957352,4.635483742,51.03386688,2,27.19957352,25.1104908,20.22424126,14.8303442,10.53288841,5.839920044,7.970196247,11.9880209,17.99718475,24.13245773,4.635483742,0.048387095,0.186666667,0.222580642,3.889285803,1.338709712,0.380645156,0.056666669,0.048387095,2.736666679,37.58326721,41.27971649,36.40507126,30.5514946,22.9671154,19.35402107,22.01232338,28.05703545,32.95215225,33.03609467,51.03386688,24.6300106,19.76891899,25.93955421,56.54473495,50.16759109,49.92736816,45.15338516,45.76699448,60.12087631
43,delhi,2013,30-07-2013,7,35.04792023,26.61293221,7.996666431,60.60216904,11,26.61293221,27.19957352,25.1104908,20.22424126,14.8303442,10.53288841,5.839920044,7.970196247,11.9880209,17.99718475,7.996666431,4.635483742,0.048387095,0.186666667,0.222580642,3.889285803,1.338709712,0.380645156,0.056666669,0.048387095,35.04792023,37.58326721,41.27971649,36.40507126,30.5514946,22.9671154,19.35402107,22.01232338,28.05703545,32.95215225,60.60216904,51.03386688,24.6300106,19.76891899,25.93955421,56.54473495,50.16759109,49.92736816,45.15338516,45.76699448
44,delhi,2013,30-08-2013,8,33.53513718,25.52824974,7.283871174,72.14699554,142,25.52824974,26.61293221,27.19957352,25.1104908,20.22424126,14.8303442,10.53288841,5.839920044,7.970196247,11.9880209,7.283871174,7.996666431,4.635483742,0.048387095,0.186666667,0.222580642,3.889285803,1.338709712,0.380645156,0.056666669,33.53513718,35.04792023,37.58326721,41.27971649,36.40507126,30.5514946,22.9671154,19.35402107,22.01232338,28.05703545,72.14699554,60.60216904,51.03386688,24.6300106,19.76891899,25.93955421,56.54473495,50.16759109,49.92736816,45.15338516
45,delhi,2013,30-09-2013,9,34.54508972,24.30670929,2.196666718,55.08893585,1962,24.30670929,25.52824974,26.61293221,27.19957352,25.1104908,20.22424126,14.8303442,10.53288841,5.839920044,7.970196247,2.196666718,7.283871174,7.996666431,4.635483742,0.048387095,0.186666667,0.222580642,3.889285803,1.338709712,0.380645156,34.54508972,33.53513718,35.04792023,37.58326721,41.27971649,36.40507126,30.5514946,22.9671154,19.35402107,22.01232338,55.08893585,72.14699554,60.60216904,51.03386688,24.6300106,19.76891899,25.93955421,56.54473495,50.16759109,49.92736816
46,delhi,2013,30-10-2013,10,31.90547943,20.85497856,1.712903261,56.44963074,2442,20.85497856,24.30670929,25.52824974,26.61293221,27.19957352,25.1104908,20.22424126,14.8303442,10.53288841,5.839920044,1.712903261,2.196666718,7.283871174,7.996666431,4.635483742,0.048387095,0.186666667,0.222580642,3.889285803,1.338709712,31.90547943,34.54508972,33.53513718,35.04792023,37.58326721,41.27971649,36.40507126,30.5514946,22.9671154,19.35402107,56.44963074,55.08893585,72.14699554,60.60216904,51.03386688,24.6300106,19.76891899,25.93955421,56.54473495,50.16759109
47,delhi,2013,30-11-2013,11,27.50771141,11.86205196,0.013333333,45.77082062,889,11.86205196,20.85497856,24.30670929,25.52824974,26.61293221,27.19957352,25.1104908,20.22424126,14.8303442,10.53288841,0.013333333,1.712903261,2.196666718,7.283871174,7.996666431,4.635483742,0.048387095,0.186666667,0.222580642,3.889285803,27.50771141,31.90547943,34.54508972,33.53513718,35.04792023,37.58326721,41.27971649,36.40507126,30.5514946,22.9671154,45.77082062,56.44963074,55.08893585,72.14699554,60.60216904,51.03386688,24.6300106,19.76891899,25.93955421,56.54473495
48,delhi,2013,30-12-2013,12,22.70088577,8.553596497,0.138709679,46.92448807,119,8.553596497,11.86205196,20.85497856,24.30670929,25.52824974,26.61293221,27.19957352,25.1104908,20.22424126,14.8303442,0.138709679,0.013333333,1.712903261,2.196666718,7.283871174,7.996666431,4.635483742,0.048387095,0.186666667,0.222580642,22.70088577,27.50771141,31.90547943,34.54508972,33.53513718,35.04792023,37.58326721,41.27971649,36.40507126,30.5514946,46.92448807,45.77082062,56.44963074,55.08893585,72.14699554,60.60216904,51.03386688,24.6300106,19.76891899,25.93955421
49,delhi,2014,30-01-2014,1,18.83822632,7.317597389,1.222580671,51.56121445,0,7.317597389,8.553596497,11.86205196,20.85497856,24.30670929,25.52824974,26.61293221,27.19957352,25.1104908,20.22424126,1.222580671,0.138709679,0.013333333,1.712903261,2.196666718,7.283871174,7.996666431,4.635483742,0.048387095,0.186666667,18.83822632,22.70088577,27.50771141,31.90547943,34.54508972,33.53513718,35.04792023,37.58326721,41.27971649,36.40507126,51.56121445,46.92448807,45.77082062,56.44963074,55.08893585,72.14699554,60.60216904,51.03386688,24.6300106,19.76891899
50,delhi,2014,28-02-2014,2,22.15711594,9.236364365,1.746428609,46.07471466,0,9.236364365,7.317597389,8.553596497,11.86205196,20.85497856,24.30670929,25.52824974,26.61293221,27.19957352,25.1104908,1.746428609,1.222580671,0.138709679,0.013333333,1.712903261,2.196666718,7.283871174,7.996666431,4.635483742,0.048387095,22.15711594,18.83822632,22.70088577,27.50771141,31.90547943,34.54508972,33.53513718,35.04792023,37.58326721,41.27971649,46.07471466,51.56121445,46.92448807,45.77082062,56.44963074,55.08893585,72.14699554,60.60216904,51.03386688,24.6300106
51,delhi,2014,30-03-2014,3,28.81968117,14.13363552,1.487096786,38.12290192,2,14.13363552,9.236364365,7.317597389,8.553596497,11.86205196,20.85497856,24.30670929,25.52824974,26.61293221,27.19957352,1.487096786,1.746428609,1.222580671,0.138709679,0.013333333,1.712903261,2.196666718,7.283871174,7.996666431,4.635483742,28.81968117,22.15711594,18.83822632,22.70088577,27.50771141,31.90547943,34.54508972,33.53513718,35.04792023,37.58326721,38.12290192,46.07471466,51.56121445,46.92448807,45.77082062,56.44963074,55.08893585,72.14699554,60.60216904,51.03386688
52,delhi,2014,30-04-2014,4,36.01754761,19.26344109,0.543333352,27.47978973,0,19.26344109,14.13363552,9.236364365,7.317597389,8.553596497,11.86205196,20.85497856,24.30670929,25.52824974,26.61293221,0.543333352,1.487096786,1.746428609,1.222580671,0.138709679,0.013333333,1.712903261,2.196666718,7.283871174,7.996666431,36.01754761,28.81968117,22.15711594,18.83822632,22.70088577,27.50771141,31.90547943,34.54508972,33.53513718,35.04792023,27.47978973,38.12290192,46.07471466,51.56121445,46.92448807,45.77082062,56.44963074,55.08893585,72.14699554,60.60216904
53,delhi,2014,30-05-2014,5,39.16266632,23.91890526,1.52903223,32.92318344,3,23.91890526,19.26344109,14.13363552,9.236364365,7.317597389,8.553596497,11.86205196,20.85497856,24.30670929,25.52824974,1.52903223,0.543333352,1.487096786,1.746428609,1.222580671,0.138709679,0.013333333,1.712903261,2.196666718,7.283871174,39.16266632,36.01754761,28.81968117,22.15711594,18.83822632,22.70088577,27.50771141,31.90547943,34.54508972,33.53513718,32.92318344,27.47978973,38.12290192,46.07471466,51.56121445,46.92448807,45.77082062,56.44963074,55.08893585,72.14699554
54,delhi,2014,30-06-2014,6,41.55462646,27.75553131,2.532258034,45.43123245,10,27.75553131,23.91890526,19.26344109,14.13363552,9.236364365,7.317597389,8.553596497,11.86205196,20.85497856,24.30670929,2.532258034,1.52903223,0.543333352,1.487096786,1.746428609,1.222580671,0.138709679,0.013333333,1.712903261,2.196666718,41.55462646,39.16266632,36.01754761,28.81968117,22.15711594,18.83822632,22.70088577,27.50771141,31.90547943,34.54508972,45.43123245,32.92318344,27.47978973,38.12290192,46.07471466,51.56121445,46.92448807,45.77082062,56.44963074,55.08893585
55,delhi,2014,30-07-2014,7,36.55947876,27.12537575,3.636666775,55.56605148,7,27.12537575,27.75553131,23.91890526,19.26344109,14.13363552,9.236364365,7.317597389,8.553596497,11.86205196,20.85497856,3.636666775,2.532258034,1.52903223,0.543333352,1.487096786,1.746428609,1.222580671,0.138709679,0.013333333,1.712903261,36.55947876,41.55462646,39.16266632,36.01754761,28.81968117,22.15711594,18.83822632,22.70088577,27.50771141,31.90547943,55.56605148,45.43123245,32.92318344,27.47978973,38.12290192,46.07471466,51.56121445,46.92448807,45.77082062,56.44963074
56,delhi,2014,30-08-2014,8,35.90333939,26.25506401,2.416129112,49.85151291,11,26.25506401,27.12537575,27.75553131,23.91890526,19.26344109,14.13363552,9.236364365,7.317597389,8.553596497,11.86205196,2.416129112,3.636666775,2.532258034,1.52903223,0.543333352,1.487096786,1.746428609,1.222580671,0.138709679,0.013333333,35.90333939,36.55947876,41.55462646,39.16266632,36.01754761,28.81968117,22.15711594,18.83822632,22.70088577,27.50771141,49.85151291,55.56605148,45.43123245,32.92318344,27.47978973,38.12290192,46.07471466,51.56121445,46.92448807,45.77082062
57,delhi,2014,30-09-2014,9,34.54345703,24.20365715,3.423333406,56.03842545,87,24.20365715,26.25506401,27.12537575,27.75553131,23.91890526,19.26344109,14.13363552,9.236364365,7.317597389,8.553596497,3.423333406,2.416129112,3.636666775,2.532258034,1.52903223,0.543333352,1.487096786,1.746428609,1.222580671,0.138709679,34.54345703,35.90333939,36.55947876,41.55462646,39.16266632,36.01754761,28.81968117,22.15711594,18.83822632,22.70088577,56.03842545,49.85151291,55.56605148,45.43123245,32.92318344,27.47978973,38.12290192,46.07471466,51.56121445,46.92448807
58,delhi,2014,30-10-2014,10,33.3697052,19.63004875,0.041935485,41.76950836,318,19.63004875,24.20365715,26.25506401,27.12537575,27.75553131,23.91890526,19.26344109,14.13363552,9.236364365,7.317597389,0.041935485,3.423333406,2.416129112,3.636666775,2.532258034,1.52903223,0.543333352,1.487096786,1.746428609,1.222580671,33.3697052,34.54345703,35.90333939,36.55947876,41.55462646,39.16266632,36.01754761,28.81968117,22.15711594,18.83822632,41.76950836,56.03842545,49.85151291,55.56605148,45.43123245,32.92318344,27.47978973,38.12290192,46.07471466,51.56121445
59,delhi,2014,30-11-2014,11,29.3422184,12.81782246,0,38.82780075,444,12.81782246,19.63004875,24.20365715,26.25506401,27.12537575,27.75553131,23.91890526,19.26344109,14.13363552,9.236364365,0,0.041935485,3.423333406,2.416129112,3.636666775,2.532258034,1.52903223,0.543333352,1.487096786,1.746428609,29.3422184,33.3697052,34.54345703,35.90333939,36.55947876,41.55462646,39.16266632,36.01754761,28.81968117,22.15711594,38.82780075,41.76950836,56.03842545,49.85151291,55.56605148,45.43123245,32.92318344,27.47978973,38.12290192,46.07471466
60,delhi,2014,30-12-2014,12,20.76859665,8.125491142,0.464516133,42.47021103,113,8.125491142,12.81782246,19.63004875,24.20365715,26.25506401,27.12537575,27.75553131,23.91890526,19.26344109,14.13363552,0.464516133,0,0.041935485,3.423333406,2.416129112,3.636666775,2.532258034,1.52903223,0.543333352,1.487096786,20.76859665,29.3422184,33.3697052,34.54345703,35.90333939,36.55947876,41.55462646,39.16266632,36.01754761,28.81968117,42.47021103,38.82780075,41.76950836,56.03842545,49.85151291,55.56605148,45.43123245,32.92318344,27.47978973,38.12290192
61,delhi,2015,30-01-2015,1,18.01410103,7.584834576,0.745161295,57.55210114,0,7.584834576,8.125491142,12.81782246,19.63004875,24.20365715,26.25506401,27.12537575,27.75553131,23.91890526,19.26344109,0.745161295,0.464516133,0,0.041935485,3.423333406,2.416129112,3.636666775,2.532258034,1.52903223,0.543333352,18.01410103,20.76859665,29.3422184,33.3697052,34.54345703,35.90333939,36.55947876,41.55462646,39.16266632,36.01754761,57.55210114,42.47021103,38.82780075,41.76950836,56.03842545,49.85151291,55.56605148,45.43123245,32.92318344,27.47978973
62,delhi,2015,28-02-2015,2,25.5866127,11.41625214,0.06428571,32.32828522,3,11.41625214,7.584834576,8.125491142,12.81782246,19.63004875,24.20365715,26.25506401,27.12537575,27.75553131,23.91890526,0.06428571,0.745161295,0.464516133,0,0.041935485,3.423333406,2.416129112,3.636666775,2.532258034,1.52903223,25.5866127,18.01410103,20.76859665,29.3422184,33.3697052,34.54345703,35.90333939,36.55947876,41.55462646,39.16266632,32.32828522,57.55210114,42.47021103,38.82780075,41.76950836,56.03842545,49.85151291,55.56605148,45.43123245,32.92318344
63,delhi,2015,30-03-2015,3,28.31888771,14.560709,3.667742014,50.92765427,1,14.560709,11.41625214,7.584834576,8.125491142,12.81782246,19.63004875,24.20365715,26.25506401,27.12537575,27.75553131,3.667742014,0.06428571,0.745161295,0.464516133,0,0.041935485,3.423333406,2.416129112,3.636666775,2.532258034,28.31888771,25.5866127,18.01410103,20.76859665,29.3422184,33.3697052,34.54345703,35.90333939,36.55947876,41.55462646,50.92765427,32.32828522,57.55210114,42.47021103,38.82780075,41.76950836,56.03842545,49.85151291,55.56605148,45.43123245
64,delhi,2015,30-04-2015,4,34.77334213,20.23789024,1.203333378,35.35499954,3,20.23789024,14.560709,11.41625214,7.584834576,8.125491142,12.81782246,19.63004875,24.20365715,26.25506401,27.12537575,1.203333378,3.667742014,0.06428571,0.745161295,0.464516133,0,0.041935485,3.423333406,2.416129112,3.636666775,34.77334213,28.31888771,25.5866127,18.01410103,20.76859665,29.3422184,33.3697052,34.54345703,35.90333939,36.55947876,35.35499954,50.92765427,32.32828522,57.55210114,42.47021103,38.82780075,41.76950836,56.03842545,49.85151291,55.56605148
65,delhi,2015,30-05-2015,5,41.01603317,24.97751999,1.245161295,31.37117577,4,24.97751999,20.23789024,14.560709,11.41625214,7.584834576,8.125491142,12.81782246,19.63004875,24.20365715,26.25506401,1.245161295,1.203333378,3.667742014,0.06428571,0.745161295,0.464516133,0,0.041935485,3.423333406,2.416129112,41.01603317,34.77334213,28.31888771,25.5866127,18.01410103,20.76859665,29.3422184,33.3697052,34.54345703,35.90333939,31.37117577,35.35499954,50.92765427,32.32828522,57.55210114,42.47021103,38.82780075,41.76950836,56.03842545,49.85151291
66,delhi,2015,30-06-2015,6,38.88850403,26.42992783,3.122580528,52.63335037,6,26.42992783,24.97751999,20.23789024,14.560709,11.41625214,7.584834576,8.125491142,12.81782246,19.63004875,24.20365715,3.122580528,1.245161295,1.203333378,3.667742014,0.06428571,0.745161295,0.464516133,0,0.041935485,3.423333406,38.88850403,41.01603317,34.77334213,28.31888771,25.5866127,18.01410103,20.76859665,29.3422184,33.3697052,34.54345703,52.63335037,31.37117577,35.35499954,50.92765427,32.32828522,57.55210114,42.47021103,38.82780075,41.76950836,56.03842545
67,delhi,2015,30-07-2015,7,34.22621918,26.14321709,8.880000114,61.09717178,36,26.14321709,26.42992783,24.97751999,20.23789024,14.560709,11.41625214,7.584834576,8.125491142,12.81782246,19.63004875,8.880000114,3.122580528,1.245161295,1.203333378,3.667742014,0.06428571,0.745161295,0.464516133,0,0.041935485,34.22621918,38.88850403,41.01603317,34.77334213,28.31888771,25.5866127,18.01410103,20.76859665,29.3422184,33.3697052,61.09717178,52.63335037,31.37117577,35.35499954,50.92765427,32.32828522,57.55210114,42.47021103,38.82780075,41.76950836
68,delhi,2015,30-08-2015,8,34.20864868,26.04689789,8.764515877,69.05921936,778,26.04689789,26.14321709,26.42992783,24.97751999,20.23789024,14.560709,11.41625214,7.584834576,8.125491142,12.81782246,8.764515877,8.880000114,3.122580528,1.245161295,1.203333378,3.667742014,0.06428571,0.745161295,0.464516133,0,34.20864868,34.22621918,38.88850403,41.01603317,34.77334213,28.31888771,25.5866127,18.01410103,20.76859665,29.3422184,69.05921936,61.09717178,52.63335037,31.37117577,35.35499954,50.92765427,32.32828522,57.55210114,42.47021103,38.82780075
69,delhi,2015,30-09-2015,9,35.55017853,24.4524498,0.949999988,46.89142227,6775,24.4524498,26.04689789,26.14321709,26.42992783,24.97751999,20.23789024,14.560709,11.41625214,7.584834576,8.125491142,0.949999988,8.764515877,8.880000114,3.122580528,1.245161295,1.203333378,3.667742014,0.06428571,0.745161295,0.464516133,35.55017853,34.20864868,34.22621918,38.88850403,41.01603317,34.77334213,28.31888771,25.5866127,18.01410103,20.76859665,46.89142227,69.05921936,61.09717178,52.63335037,31.37117577,35.35499954,50.92765427,32.32828522,57.55210114,42.47021103
70,delhi,2015,30-10-2015,10,33.73182297,19.92478371,0.022580644,44.70506668,7283,19.92478371,24.4524498,26.04689789,26.14321709,26.42992783,24.97751999,20.23789024,14.560709,11.41625214,7.584834576,0.022580644,0.949999988,8.764515877,8.880000114,3.122580528,1.245161295,1.203333378,3.667742014,0.06428571,0.745161295,33.73182297,35.55017853,34.20864868,34.22621918,38.88850403,41.01603317,34.77334213,28.31888771,25.5866127,18.01410103,44.70506668,46.89142227,69.05921936,61.09717178,52.63335037,31.37117577,35.35499954,50.92765427,32.32828522,57.55210114
71,delhi,2015,30-11-2015,11,28.77930641,14.39021492,0.143333331,47.80996704,841,14.39021492,19.92478371,24.4524498,26.04689789,26.14321709,26.42992783,24.97751999,20.23789024,14.560709,11.41625214,0.143333331,0.022580644,0.949999988,8.764515877,8.880000114,3.122580528,1.245161295,1.203333378,3.667742014,0.06428571,28.77930641,33.73182297,35.55017853,34.20864868,34.22621918,38.88850403,41.01603317,34.77334213,28.31888771,25.5866127,47.80996704,44.70506668,46.89142227,69.05921936,61.09717178,52.63335037,31.37117577,35.35499954,50.92765427,32.32828522
72,delhi,2015,30-12-2015,12,23.30089569,8.824982643,0,45.62835312,137,8.824982643,14.39021492,19.92478371,24.4524498,26.04689789,26.14321709,26.42992783,24.97751999,20.23789024,14.560709,0,0.143333331,0.022580644,0.949999988,8.764515877,8.880000114,3.122580528,1.245161295,1.203333378,3.667742014,23.30089569,28.77930641,33.73182297,35.55017853,34.20864868,34.22621918,38.88850403,41.01603317,34.77334213,28.31888771,45.62835312,47.80996704,44.70506668,46.89142227,69.05921936,61.09717178,52.63335037,31.37117577,35.35499954,50.92765427
73,delhi,2016,30-01-2016,1,21.11959839,8.103058815,0,41.60772705,0,8.103058815,8.824982643,14.39021492,19.92478371,24.4524498,26.04689789,26.14321709,26.42992783,24.97751999,20.23789024,0,0,0.143333331,0.022580644,0.949999988,8.764515877,8.880000114,3.122580528,1.245161295,1.203333378,21.11959839,23.30089569,28.77930641,33.73182297,35.55017853,34.20864868,34.22621918,38.88850403,41.01603317,34.77334213,41.60772705,45.62835312,47.80996704,44.70506668,46.89142227,69.05921936,61.09717178,52.63335037,31.37117577,35.35499954
74,delhi,2016,28-02-2016,2,26.0204525,10.68237877,0.037931032,33.90876007,0,10.68237877,8.103058815,8.824982643,14.39021492,19.92478371,24.4524498,26.04689789,26.14321709,26.42992783,24.97751999,0.037931032,0,0,0.143333331,0.022580644,0.949999988,8.764515877,8.880000114,3.122580528,1.245161295,26.0204525,21.11959839,23.30089569,28.77930641,33.73182297,35.55017853,34.20864868,34.22621918,38.88850403,41.01603317,33.90876007,41.60772705,45.62835312,47.80996704,44.70506668,46.89142227,69.05921936,61.09717178,52.63335037,31.37117577
75,delhi,2016,30-03-2016,3,31.61408997,16.03443718,1.622580647,40.40287018,2,16.03443718,10.68237877,8.103058815,8.824982643,14.39021492,19.92478371,24.4524498,26.04689789,26.14321709,26.42992783,1.622580647,0.037931032,0,0,0.143333331,0.022580644,0.949999988,8.764515877,8.880000114,3.122580528,31.61408997,26.0204525,21.11959839,23.30089569,28.77930641,33.73182297,35.55017853,34.20864868,34.22621918,38.88850403,40.40287018,33.90876007,41.60772705,45.62835312,47.80996704,44.70506668,46.89142227,69.05921936,61.09717178,52.63335037
76,delhi,2016,30-04-2016,4,39.09569931,21.78337669,0.006666667,30.72118378,5,21.78337669,16.03443718,10.68237877,8.103058815,8.824982643,14.39021492,19.92478371,24.4524498,26.04689789,26.14321709,0.006666667,1.622580647,0.037931032,0,0,0.143333331,0.022580644,0.949999988,8.764515877,8.880000114,39.09569931,31.61408997,26.0204525,21.11959839,23.30089569,28.77930641,33.73182297,35.55017853,34.20864868,34.22621918,30.72118378,40.40287018,33.90876007,41.60772705,45.62835312,47.80996704,44.70506668,46.89142227,69.05921936,61.09717178
77,delhi,2016,30-05-2016,5,39.82291031,25.52061653,0.819354832,40.49660873,6,25.52061653,21.78337669,16.03443718,10.68237877,8.103058815,8.824982643,14.39021492,19.92478371,24.4524498,26.04689789,0.819354832,0.006666667,1.622580647,0.037931032,0,0,0.143333331,0.022580644,0.949999988,8.764515877,39.82291031,39.09569931,31.61408997,26.0204525,21.11959839,23.30089569,28.77930641,33.73182297,35.55017853,34.20864868,40.49660873,30.72118378,40.40287018,33.90876007,41.60772705,45.62835312,47.80996704,44.70506668,46.89142227,69.05921936
78,delhi,2016,30-06-2016,6,39.64322281,27.87810516,2.116128922,47.54629135,15,27.87810516,25.52061653,21.78337669,16.03443718,10.68237877,8.103058815,8.824982643,14.39021492,19.92478371,24.4524498,2.116128922,0.819354832,0.006666667,1.622580647,0.037931032,0,0,0.143333331,0.022580644,0.949999988,39.64322281,39.82291031,39.09569931,31.61408997,26.0204525,21.11959839,23.30089569,28.77930641,33.73182297,35.55017853,47.54629135,40.49660873,30.72118378,40.40287018,33.90876007,41.60772705,45.62835312,47.80996704,44.70506668,46.89142227
79,delhi,2016,30-07-2016,7,34.4948616,26.67385483,10.22000027,67.52142334,91,26.67385483,27.87810516,25.52061653,21.78337669,16.03443718,10.68237877,8.103058815,8.824982643,14.39021492,19.92478371,10.22000027,2.116128922,0.819354832,0.006666667,1.622580647,0.037931032,0,0,0.143333331,0.022580644,34.4948616,39.64322281,39.82291031,39.09569931,31.61408997,26.0204525,21.11959839,23.30089569,28.77930641,33.73182297,67.52142334,47.54629135,40.49660873,30.72118378,40.40287018,33.90876007,41.60772705,45.62835312,47.80996704,44.70506668
80,delhi,2016,30-08-2016,8,33.92041397,25.99455452,4.196774006,68.14612579,652,25.99455452,26.67385483,27.87810516,25.52061653,21.78337669,16.03443718,10.68237877,8.103058815,8.824982643,14.39021492,4.196774006,10.22000027,2.116128922,0.819354832,0.006666667,1.622580647,0.037931032,0,0,0.143333331,33.92041397,34.4948616,39.64322281,39.82291031,39.09569931,31.61408997,26.0204525,21.11959839,23.30089569,28.77930641,68.14612579,67.52142334,47.54629135,40.49660873,30.72118378,40.40287018,33.90876007,41.60772705,45.62835312,47.80996704
81,delhi,2016,30-09-2016,9,34.96455765,24.91599083,1.623333335,55.6043663,1362,24.91599083,25.99455452,26.67385483,27.87810516,25.52061653,21.78337669,16.03443718,10.68237877,8.103058815,8.824982643,1.623333335,4.196774006,10.22000027,2.116128922,0.819354832,0.006666667,1.622580647,0.037931032,0,0,34.96455765,33.92041397,34.4948616,39.64322281,39.82291031,39.09569931,31.61408997,26.0204525,21.11959839,23.30089569,55.6043663,68.14612579,67.52142334,47.54629135,40.49660873,30.72118378,40.40287018,33.90876007,41.60772705,45.62835312
82,delhi,2016,30-10-2016,10,34.34326935,19.91219139,0.316129029,48.52262878,1517,19.91219139,24.91599083,25.99455452,26.67385483,27.87810516,25.52061653,21.78337669,16.03443718,10.68237877,8.103058815,0.316129029,1.623333335,4.196774006,10.22000027,2.116128922,0.819354832,0.006666667,1.622580647,0.037931032,0,34.34326935,34.96455765,33.92041397,34.4948616,39.64322281,39.82291031,39.09569931,31.61408997,26.0204525,21.11959839,48.52262878,55.6043663,68.14612579,67.52142334,47.54629135,40.49660873,30.72118378,40.40287018,33.90876007,41.60772705
83,delhi,2016,30-11-2016,11,29.72529793,12.6350193,0,48.27773666,655,12.6350193,19.91219139,24.91599083,25.99455452,26.67385483,27.87810516,25.52061653,21.78337669,16.03443718,10.68237877,0,0.316129029,1.623333335,4.196774006,10.22000027,2.116128922,0.819354832,0.006666667,1.622580647,0.037931032,29.72529793,34.34326935,34.96455765,33.92041397,34.4948616,39.64322281,39.82291031,39.09569931,31.61408997,26.0204525,48.27773666,48.52262878,55.6043663,68.14612579,67.52142334,47.54629135,40.49660873,30.72118378,40.40287018,33.90876007
84,delhi,2016,30-12-2016,12,24.53541756,9.380356789,0,47.44401932,126,9.380356789,12.6350193,19.91219139,24.91599083,25.99455452,26.67385483,27.87810516,25.52061653,21.78337669,16.03443718,0,0,0.316129029,1.623333335,4.196774006,10.22000027,2.116128922,0.819354832,0.006666667,1.622580647,24.53541756,29.72529793,34.34326935,34.96455765,33.92041397,34.4948616,39.64322281,39.82291031,39.09569931,31.61408997,47.44401932,48.27773666,48.52262878,55.6043663,68.14612579,67.52142334,47.54629135,40.49660873,30.72118378,40.40287018
85,delhi,2017,30-01-2017,1,20.80239487,7.916749477,2.048387051,56.0966568,0,7.916749477,9.380356789,12.6350193,19.91219139,24.91599083,25.99455452,26.67385483,27.87810516,25.52061653,21.78337669,2.048387051,0,0,0.316129029,1.623333335,4.196774006,10.22000027,2.116128922,0.819354832,0.006666667,20.80239487,24.53541756,29.72529793,34.34326935,34.96455765,33.92041397,34.4948616,39.64322281,39.82291031,39.09569931,56.0966568,47.44401932,48.27773666,48.52262878,55.6043663,68.14612579,67.52142334,47.54629135,40.49660873,30.72118378
86,delhi,2017,28-02-2017,2,26.30504799,10.45049095,0.003571429,44.07406235,0,10.45049095,7.916749477,9.380356789,12.6350193,19.91219139,24.91599083,25.99455452,26.67385483,27.87810516,25.52061653,0.003571429,2.048387051,0,0,0.316129029,1.623333335,4.196774006,10.22000027,2.116128922,0.819354832,26.30504799,20.80239487,24.53541756,29.72529793,34.34326935,34.96455765,33.92041397,34.4948616,39.64322281,39.82291031,44.07406235,56.0966568,47.44401932,48.27773666,48.52262878,55.6043663,68.14612579,67.52142334,47.54629135,40.49660873
87,delhi,2017,30-03-2017,3,30.84533501,14.26575089,0.50967741,39.77860641,0,14.26575089,10.45049095,7.916749477,9.380356789,12.6350193,19.91219139,24.91599083,25.99455452,26.67385483,27.87810516,0.50967741,0.003571429,2.048387051,0,0,0.316129029,1.623333335,4.196774006,10.22000027,2.116128922,30.84533501,26.30504799,20.80239487,24.53541756,29.72529793,34.34326935,34.96455765,33.92041397,34.4948616,39.64322281,39.77860641,44.07406235,56.0966568,47.44401932,48.27773666,48.52262878,55.6043663,68.14612579,67.52142334,47.54629135
88,delhi,2017,30-04-2017,4,38.80193329,21.72026253,0.649999976,38.30496979,10,21.72026253,14.26575089,10.45049095,7.916749477,9.380356789,12.6350193,19.91219139,24.91599083,25.99455452,26.67385483,0.649999976,0.50967741,0.003571429,2.048387051,0,0,0.316129029,1.623333335,4.196774006,10.22000027,38.80193329,30.84533501,26.30504799,20.80239487,24.53541756,29.72529793,34.34326935,34.96455765,33.92041397,34.4948616,38.30496979,39.77860641,44.07406235,56.0966568,47.44401932,48.27773666,48.52262878,55.6043663,68.14612579,67.52142334
89,delhi,2017,30-05-2017,5,40.18584442,25.25734901,0.674193561,46.69413757,12,25.25734901,21.72026253,14.26575089,10.45049095,7.916749477,9.380356789,12.6350193,19.91219139,24.91599083,25.99455452,0.674193561,0.649999976,0.50967741,0.003571429,2.048387051,0,0,0.316129029,1.623333335,4.196774006,40.18584442,38.80193329,30.84533501,26.30504799,20.80239487,24.53541756,29.72529793,34.34326935,34.96455765,33.92041397,46.69413757,38.30496979,39.77860641,44.07406235,56.0966568,47.44401932,48.27773666,48.52262878,55.6043663,68.14612579
90,delhi,2017,30-06-2017,6,38.24339676,26.21820641,5.77096796,60.40288162,0,26.21820641,25.25734901,21.72026253,14.26575089,10.45049095,7.916749477,9.380356789,12.6350193,19.91219139,24.91599083,5.77096796,0.674193561,0.649999976,0.50967741,0.003571429,2.048387051,0,0,0.316129029,1.623333335,38.24339676,40.18584442,38.80193329,30.84533501,26.30504799,20.80239487,24.53541756,29.72529793,34.34326935,34.96455765,60.40288162,46.69413757,38.30496979,39.77860641,44.07406235,56.0966568,47.44401932,48.27773666,48.52262878,55.6043663
91,delhi,2017,30-07-2017,7,35.04532242,26.80059433,3.796666622,70.59210968,0,26.80059433,26.21820641,25.25734901,21.72026253,14.26575089,10.45049095,7.916749477,9.380356789,12.6350193,19.91219139,3.796666622,5.77096796,0.674193561,0.649999976,0.50967741,0.003571429,2.048387051,0,0,0.316129029,35.04532242,38.24339676,40.18584442,38.80193329,30.84533501,26.30504799,20.80239487,24.53541756,29.72529793,34.34326935,70.59210968,60.40288162,46.69413757,38.30496979,39.77860641,44.07406235,56.0966568,47.44401932,48.27773666,48.52262878
92,delhi,2017,30-08-2017,8,34.40600204,26.39127922,3.183871031,64.28153229,829,26.39127922,26.80059433,26.21820641,25.25734901,21.72026253,14.26575089,10.45049095,7.916749477,9.380356789,12.6350193,3.183871031,3.796666622,5.77096796,0.674193561,0.649999976,0.50967741,0.003571429,2.048387051,0,0,34.40600204,35.04532242,38.24339676,40.18584442,38.80193329,30.84533501,26.30504799,20.80239487,24.53541756,29.72529793,64.28153229,70.59210968,60.40288162,46.69413757,38.30496979,39.77860641,44.07406235,56.0966568,47.44401932,48.27773666
93,delhi,2017,30-09-2017,9,34.87754059,24.59796906,5.550000191,67.11759186,1103,24.59796906,26.39127922,26.80059433,26.21820641,25.25734901,21.72026253,14.26575089,10.45049095,7.916749477,9.380356789,5.550000191,3.183871031,3.796666622,5.77096796,0.674193561,0.649999976,0.50967741,0.003571429,2.048387051,0,34.87754059,34.40600204,35.04532242,38.24339676,40.18584442,38.80193329,30.84533501,26.30504799,20.80239487,24.53541756,67.11759186,64.28153229,70.59210968,60.40288162,46.69413757,38.30496979,39.77860641,44.07406235,56.0966568,47.44401932
94,delhi,2017,30-10-2017,10,34.9993515,19.28193665,0,55.58069229,2022,19.28193665,24.59796906,26.39127922,26.80059433,26.21820641,25.25734901,21.72026253,14.26575089,10.45049095,7.916749477,0,5.550000191,3.183871031,3.796666622,5.77096796,0.674193561,0.649999976,0.50967741,0.003571429,2.048387051,34.9993515,34.87754059,34.40600204,35.04532242,38.24339676,40.18584442,38.80193329,30.84533501,26.30504799,20.80239487,55.58069229,67.11759186,64.28153229,70.59210968,60.40288162,46.69413757,38.30496979,39.77860641,44.07406235,56.0966568
95,delhi,2017,30-11-2017,11,27.88689041,12.7446661,0.01,56.45073318,0,12.7446661,19.28193665,24.59796906,26.39127922,26.80059433,26.21820641,25.25734901,21.72026253,14.26575089,10.45049095,0.01,0,5.550000191,3.183871031,3.796666622,5.77096796,0.674193561,0.649999976,0.50967741,0.003571429,27.88689041,34.9993515,34.87754059,34.40600204,35.04532242,38.24339676,40.18584442,38.80193329,30.84533501,26.30504799,56.45073318,55.58069229,67.11759186,64.28153229,70.59210968,60.40288162,46.69413757,38.30496979,39.77860641,44.07406235
96,delhi,2017,30-12-2017,12,23.68194199,8.770337105,0.245161295,55.18656158,0,8.770337105,12.7446661,19.28193665,24.59796906,26.39127922,26.80059433,26.21820641,25.25734901,21.72026253,14.26575089,0.245161295,0.01,0,5.550000191,3.183871031,3.796666622,5.77096796,0.674193561,0.649999976,0.50967741,23.68194199,27.88689041,34.9993515,34.87754059,34.40600204,35.04532242,38.24339676,40.18584442,38.80193329,30.84533501,55.18656158,56.45073318,55.58069229,67.11759186,64.28153229,70.59210968,60.40288162,46.69413757,38.30496979,39.77860641
97,delhi,2018,30-01-2018,1,21.59917259,7.916749477,0.222580642,53.24644852,5,7.916749477,8.770337105,12.7446661,19.28193665,24.59796906,26.39127922,26.80059433,26.21820641,25.25734901,21.72026253,0.222580642,0.245161295,0.01,0,5.550000191,3.183871031,3.796666622,5.77096796,0.674193561,0.649999976,21.59917259,23.68194199,27.88689041,34.9993515,34.87754059,34.40600204,35.04532242,38.24339676,40.18584442,38.80193329,53.24644852,55.18656158,56.45073318,55.58069229,67.11759186,64.28153229,70.59210968,60.40288162,46.69413757,38.30496979
98,delhi,2018,28-02-2018,2,26.30843353,10.45049095,0.06428571,43.59297562,10,10.45049095,7.916749477,8.770337105,12.7446661,19.28193665,24.59796906,26.39127922,26.80059433,26.21820641,25.25734901,0.06428571,0.222580642,0.245161295,0.01,0,5.550000191,3.183871031,3.796666622,5.77096796,0.674193561,26.30843353,21.59917259,23.68194199,27.88689041,34.9993515,34.87754059,34.40600204,35.04532242,38.24339676,40.18584442,43.59297562,53.24644852,55.18656158,56.45073318,55.58069229,67.11759186,64.28153229,70.59210968,60.40288162,46.69413757
99,delhi,2018,30-03-2018,3,32.72649384,14.26575089,0.022580644,39.23772049,3,14.26575089,10.45049095,7.916749477,8.770337105,12.7446661,19.28193665,24.59796906,26.39127922,26.80059433,26.21820641,0.022580644,0.06428571,0.222580642,0.245161295,0.01,0,5.550000191,3.183871031,3.796666622,5.77096796,32.72649384,26.30843353,21.59917259,23.68194199,27.88689041,34.9993515,34.87754059,34.40600204,35.04532242,38.24339676,39.23772049,43.59297562,53.24644852,55.18656158,56.45073318,55.58069229,67.11759186,64.28153229,70.59210968,60.40288162
100,delhi,2018,30-04-2018,4,37.66808319,21.72026253,0.426666677,42.27614594,8,21.72026253,14.26575089,10.45049095,7.916749477,8.770337105,12.7446661,19.28193665,24.59796906,26.39127922,26.80059433,0.426666677,0.022580644,0.06428571,0.222580642,0.245161295,0.01,0,5.550000191,3.183871031,3.796666622,37.66808319,32.72649384,26.30843353,21.59917259,23.68194199,27.88689041,34.9993515,34.87754059,34.40600204,35.04532242,42.27614594,39.23772049,43.59297562,53.24644852,55.18656158,56.45073318,55.58069229,67.11759186,64.28153229,70.59210968
101,delhi,2018,30-05-2018,5,39.63291931,25.25734901,0.832258046,46.89218903,8,25.25734901,21.72026253,14.26575089,10.45049095,7.916749477,8.770337105,12.7446661,19.28193665,24.59796906,26.39127922,0.832258046,0.426666677,0.022580644,0.06428571,0.222580642,0.245161295,0.01,0,5.550000191,3.183871031,39.63291931,37.66808319,32.72649384,26.30843353,21.59917259,23.68194199,27.88689041,34.9993515,34.87754059,34.40600204,46.89218903,42.27614594,39.23772049,43.59297562,53.24644852,55.18656158,56.45073318,55.58069229,67.11759186,64.28153229
102,delhi,2018,30-06-2018,6,37.76832962,26.21820641,2.032258034,52.61660385,24,26.21820641,25.25734901,21.72026253,14.26575089,10.45049095,7.916749477,8.770337105,12.7446661,19.28193665,24.59796906,2.032258034,0.832258046,0.426666677,0.022580644,0.06428571,0.222580642,0.245161295,0.01,0,5.550000191,37.76832962,39.63291931,37.66808319,32.72649384,26.30843353,21.59917259,23.68194199,27.88689041,34.9993515,34.87754059,52.61660385,46.89218903,42.27614594,39.23772049,43.59297562,53.24644852,55.18656158,56.45073318,55.58069229,67.11759186
103,delhi,2018,30-07-2018,7,34.66910934,26.80059433,8.720000267,69.04548645,49,26.80059433,26.21820641,25.25734901,21.72026253,14.26575089,10.45049095,7.916749477,8.770337105,12.7446661,19.28193665,8.720000267,2.032258034,0.832258046,0.426666677,0.022580644,0.06428571,0.222580642,0.245161295,0.01,0,34.66910934,37.76832962,39.63291931,37.66808319,32.72649384,26.30843353,21.59917259,23.68194199,27.88689041,34.9993515,69.04548645,52.61660385,46.89218903,42.27614594,39.23772049,43.59297562,53.24644852,55.18656158,56.45073318,55.58069229
104,delhi,2018,30-08-2018,8,33.41775894,26.39127922,5.97096777,73.01294708,160,26.39127922,26.80059433,26.21820641,25.25734901,21.72026253,14.26575089,10.45049095,7.916749477,8.770337105,12.7446661,5.97096777,8.720000267,2.032258034,0.832258046,0.426666677,0.022580644,0.06428571,0.222580642,0.245161295,0.01,33.41775894,34.66910934,37.76832962,39.63291931,37.66808319,32.72649384,26.30843353,21.59917259,23.68194199,27.88689041,73.01294708,69.04548645,52.61660385,46.89218903,42.27614594,39.23772049,43.59297562,53.24644852,55.18656158,56.45073318
105,delhi,2018,30-09-2018,9,32.7072525,24.59796906,6.216666698,80.03707886,889,24.59796906,26.39127922,26.80059433,26.21820641,25.25734901,21.72026253,14.26575089,10.45049095,7.916749477,8.770337105,6.216666698,5.97096777,8.720000267,2.032258034,0.832258046,0.426666677,0.022580644,0.06428571,0.222580642,0.245161295,32.7072525,33.41775894,34.66910934,37.76832962,39.63291931,37.66808319,32.72649384,26.30843353,21.59917259,23.68194199,80.03707886,73.01294708,69.04548645,52.61660385,46.89218903,42.27614594,39.23772049,43.59297562,53.24644852,55.18656158
106,delhi,2018,30-10-2018,10,32.99238586,19.28193665,0,60.93849945,2245,19.28193665,24.59796906,26.39127922,26.80059433,26.21820641,25.25734901,21.72026253,14.26575089,10.45049095,7.916749477,0,6.216666698,5.97096777,8.720000267,2.032258034,0.832258046,0.426666677,0.022580644,0.06428571,0.222580642,32.99238586,32.7072525,33.41775894,34.66910934,37.76832962,39.63291931,37.66808319,32.72649384,26.30843353,21.59917259,60.93849945,80.03707886,73.01294708,69.04548645,52.61660385,46.89218903,42.27614594,39.23772049,43.59297562,53.24644852
107,delhi,2018,30-11-2018,11,28.61023903,12.7446661,0.166666672,59.7178154,2813,12.7446661,19.28193665,24.59796906,26.39127922,26.80059433,26.21820641,25.25734901,21.72026253,14.26575089,10.45049095,0.166666672,0,6.216666698,5.97096777,8.720000267,2.032258034,0.832258046,0.426666677,0.022580644,0.06428571,28.61023903,32.99238586,32.7072525,33.41775894,34.66910934,37.76832962,39.63291931,37.66808319,32.72649384,26.30843353,59.7178154,60.93849945,80.03707886,73.01294708,69.04548645,52.61660385,46.89218903,42.27614594,39.23772049,43.59297562
108,delhi,2018,30-12-2018,12,22.90172005,8.770337105,0.064516127,56.73394775,922,8.770337105,12.7446661,19.28193665,24.59796906,26.39127922,26.80059433,26.21820641,25.25734901,21.72026253,14.26575089,0.064516127,0.166666672,0,6.216666698,5.97096777,8.720000267,2.032258034,0.832258046,0.426666677,0.022580644,22.90172005,28.61023903,32.99238586,32.7072525,33.41775894,34.66910934,37.76832962,39.63291931,37.66808319,32.72649384,56.73394775,59.7178154,60.93849945,80.03707886,73.01294708,69.04548645,52.61660385,46.89218903,42.27614594,39.23772049
